Sample,Year,Habitat,H2S,Light,Sex,Eye Diameter,Standard Length,Relative Eye Size
1,2007,Surface NS,-1,1,0,2.3,22.70,0.101
2,2007,Surface NS,-1,1,1,2.3,22.80,0.101
3,2007,Surface NS,-1,1,0,2.4,23.70,0.101
4,2007,Surface NS,-1,1,1,2.4,23.90,0.100
5,2007,Surface NS,-1,1,0,2.4,24.00,0.100
6,2007,Surface NS,-1,1,0,2.2,24.90,0.088
7,2007,Surface NS,-1,1,1,2.6,25.60,0.102
8,2007,Surface NS,-1,1,0,2.7,26.40,0.102
9,2007,Surface NS,-1,1,0,2.8,30.10,0.093
10,2007,Surface NS,-1,1,0,3,30.50,0.098
11,2007,Surface NS,-1,1,1,2.9,31.30,0.093
12,2007,Surface NS,-1,1,0,2.9,32.50,0.089
13,2007,Surface NS,-1,1,0,3.3,33.20,0.099
14,2007,Surface NS,-1,1,0,3.2,34.40,0.093
15,2007,Surface NS,-1,1,0,3.3,35.90,0.092
16,2007,Surface NS,-1,1,0,3.2,37.90,0.084
17,2007,Surface NS,-1,1,0,3,38.10,0.079
18,2007,Surface NS,-1,1,1,3.5,38.60,0.091
19,2007,Surface NS,-1,1,0,3.5,38.60,0.091
20,2007,Surface NS,-1,1,0,3.5,39.90,0.088
21,2007,Surface NS,-1,1,0,3.7,40.70,0.091
22,2007,Surface NS,-1,1,1,3.6,42.40,0.085
23,2007,Surface NS,-1,1,0,3.4,43.40,0.078
24,2007,Surface NS,-1,1,1,3.7,45.30,0.082
25,2007,Surface NS,-1,1,0,3.6,45.60,0.079
26,2007,Surface NS,-1,1,0,3.7,47.30,0.078
27,2007,Surface NS,-1,1,0,4.5,51.20,0.088
28,2007,Surface NS,-1,1,0,4.8,62.40,0.077
29,2006,Surface NS,-1,1,1,2.2,28.11,0.078
30,2006,Surface NS,-1,1,1,2.3,26.05,0.088
31,2006,Surface NS,-1,1,1,2,25.67,0.078
32,2006,Surface NS,-1,1,1,2.8,33.49,0.084
33,2006,Surface NS,-1,1,1,2.1,27.25,0.077
34,2006,Surface NS,-1,1,1,2.5,33.26,0.075
35,2006,Surface NS,-1,1,1,2.5,32.20,0.078
36,2006,Surface NS,-1,1,1,2,27.92,0.072
37,2006,Surface NS,-1,1,0,3.9,65.53,0.060
38,2006,Surface NS,-1,1,0,2.6,33.59,0.077
39,2006,Surface NS,-1,1,0,2.2,30.79,0.071
40,2006,Surface NS,-1,1,0,2.6,31.74,0.082
41,2006,Surface NS,-1,1,0,3,46.86,0.064
42,2006,Surface NS,-1,1,0,3.3,61.71,0.053
43,2006,Surface NS,-1,1,0,2.7,43.16,0.063
44,2006,Surface NS,-1,1,0,2.3,30.38,0.076
45,2007,Surface NS,-1,1,1,2.2,24.00,0.092
46,2007,Surface NS,-1,1,1,2.6,31.00,0.084
47,2007,Surface NS,-1,1,0,3,35.20,0.085
48,2007,Surface NS,-1,1,0,3.3,37.30,0.088
49,2006,Surface NS,-1,1,1,2.3,34.50,0.067
50,2006,Surface NS,-1,1,1,2.3,27.16,0.085
51,2006,Surface NS,-1,1,0,4,69.04,0.058
52,2007,Surface NS,-1,1,1,2.3,24.00,0.096
53,2007,Surface NS,-1,1,1,2.5,24.90,0.100
54,2007,Surface NS,-1,1,1,2.4,25.30,0.095
55,2007,Surface NS,-1,1,0,2.5,26.40,0.095
56,2007,Surface NS,-1,1,1,2.7,26.80,0.101
57,2007,Surface NS,-1,1,1,3,27.70,0.108
58,2007,Surface NS,-1,1,1,2.8,28.50,0.098
59,2007,Surface NS,-1,1,1,2.9,28.90,0.100
60,2007,Surface NS,-1,1,1,2.8,29.50,0.095
61,2007,Surface NS,-1,1,0,2.8,29.70,0.094
62,2007,Surface NS,-1,1,1,2.9,29.90,0.097
63,2007,Surface NS,-1,1,1,2.4,30.20,0.079
64,2007,Surface NS,-1,1,0,2.9,31.00,0.094
65,2007,Surface NS,-1,1,0,3.1,31.10,0.100
66,2007,Surface NS,-1,1,1,3.1,31.70,0.098
67,2007,Surface NS,-1,1,1,2.9,31.90,0.091
68,2007,Surface NS,-1,1,1,3,32.10,0.093
69,2007,Surface NS,-1,1,1,3.1,32.30,0.096
70,2007,Surface NS,-1,1,1,2.5,32.30,0.077
71,2007,Surface NS,-1,1,0,2.8,32.30,0.087
72,2007,Surface NS,-1,1,1,3.1,32.50,0.095
73,2007,Surface NS,-1,1,1,2.8,32.80,0.085
74,2007,Surface NS,-1,1,1,3,32.80,0.091
75,2007,Surface NS,-1,1,0,3.2,32.80,0.098
76,2007,Surface NS,-1,1,1,3,32.90,0.091
77,2007,Surface NS,-1,1,0,3,33.00,0.091
78,2007,Surface NS,-1,1,0,3.2,33.10,0.097
79,2007,Surface NS,-1,1,0,3.4,33.60,0.101
80,2007,Surface NS,-1,1,1,3.1,33.70,0.092
81,2007,Surface NS,-1,1,0,3.2,33.70,0.095
82,2007,Surface NS,-1,1,0,3.3,33.90,0.097
83,2007,Surface NS,-1,1,1,2.9,34.70,0.084
84,2007,Surface NS,-1,1,0,3.3,34.80,0.095
85,2007,Surface NS,-1,1,0,3.4,34.90,0.097
86,2007,Surface NS,-1,1,0,3.5,35.00,0.100
87,2007,Surface NS,-1,1,0,3.5,36.50,0.096
88,2007,Surface NS,-1,1,0,3.1,36.50,0.085
89,2007,Surface NS,-1,1,0,3.1,36.60,0.085
90,2007,Surface NS,-1,1,1,3.1,37.50,0.083
91,2007,Surface NS,-1,1,0,3.4,37.50,0.091
92,2007,Surface NS,-1,1,0,3.3,37.60,0.088
93,2007,Surface NS,-1,1,0,3.7,38.00,0.097
94,2007,Surface NS,-1,1,1,3.4,39.80,0.085
95,2007,Surface NS,-1,1,0,3.9,40.50,0.096
96,2007,Surface NS,-1,1,0,3.4,40.50,0.084
97,2007,Surface NS,-1,1,1,3.6,41.30,0.087
98,2007,Surface NS,-1,1,0,3.5,42.80,0.082
99,2007,Surface NS,-1,1,0,3.9,45.70,0.085
100,2007,Surface NS,-1,1,0,4,45.80,0.087
101,2007,Surface NS,-1,1,1,3.9,46.00,0.085
102,2007,Surface NS,-1,1,0,3.7,46.40,0.080
103,2007,Surface NS,-1,1,0,4.2,49.30,0.085
104,2007,Surface NS,-1,1,1,3.9,50.10,0.078
105,2007,Surface NS,-1,1,0,4.3,51.40,0.084
106,2007,Surface NS,-1,1,0,4.6,57.00,0.081
107,2007,Surface NS,-1,1,1,2.3,22.90,0.100
108,2007,Surface NS,-1,1,1,2.2,23.60,0.093
109,2007,Surface NS,-1,1,1,2.2,23.60,0.093
110,2007,Surface NS,-1,1,0,2.6,24.00,0.108
111,2007,Surface NS,-1,1,1,2.2,24.10,0.091
112,2007,Surface NS,-1,1,1,2.4,24.60,0.098
113,2007,Surface NS,-1,1,1,2.5,24.70,0.101
114,2007,Surface NS,-1,1,1,2.4,24.90,0.096
115,2007,Surface NS,-1,1,1,2.3,25.80,0.089
116,2007,Surface NS,-1,1,1,2.4,26.30,0.091
117,2007,Surface NS,-1,1,1,2.3,27.10,0.085
118,2007,Surface NS,-1,1,1,2.2,27.40,0.080
119,2007,Surface NS,-1,1,1,2.3,27.40,0.084
120,2007,Surface NS,-1,1,0,2.7,28.70,0.094
121,2007,Surface NS,-1,1,1,2.2,29.00,0.076
122,2007,Surface NS,-1,1,0,2.4,29.00,0.083
123,2007,Surface NS,-1,1,1,2.6,29.20,0.089
124,2007,Surface NS,-1,1,0,2.9,29.70,0.098
125,2007,Surface NS,-1,1,1,2.7,30.40,0.089
126,2007,Surface NS,-1,1,1,2.6,30.60,0.085
127,2007,Surface NS,-1,1,0,2.9,30.70,0.094
128,2007,Surface NS,-1,1,0,2.9,32.70,0.089
129,2007,Surface NS,-1,1,0,2.8,32.80,0.085
130,2007,Surface NS,-1,1,1,2.9,33.30,0.087
131,2007,Surface NS,-1,1,0,3,35.20,0.085
132,2007,Surface NS,-1,1,1,3.2,35.30,0.091
133,2007,Surface NS,-1,1,0,3.1,35.60,0.087
134,2007,Surface NS,-1,1,1,2.9,35.80,0.081
135,2007,Surface NS,-1,1,0,2.8,35.90,0.078
136,2007,Surface NS,-1,1,1,3,37.10,0.081
137,2007,Surface NS,-1,1,0,3.1,37.10,0.084
138,2007,Surface NS,-1,1,0,3.3,37.30,0.088
139,2007,Surface NS,-1,1,0,2.9,37.70,0.077
140,2007,Surface NS,-1,1,0,3.2,38.90,0.082
141,2007,Surface NS,-1,1,1,3.3,39.90,0.083
142,2007,Surface NS,-1,1,0,3.2,40.60,0.079
143,2007,Surface NS,-1,1,0,3.1,40.90,0.076
144,2007,Surface NS,-1,1,1,3.5,41.80,0.084
145,2007,Surface NS,-1,1,0,3.3,42.10,0.078
146,2007,Surface NS,-1,1,0,3.4,42.60,0.080
147,2007,Surface NS,-1,1,0,3.3,44.10,0.075
148,2007,Surface NS,-1,1,1,3.6,44.20,0.081
149,2007,Surface NS,-1,1,0,3.7,47.80,0.077
150,2007,Surface NS,-1,1,1,2,21.30,0.094
151,2007,Surface NS,-1,1,1,2.3,24.20,0.095
152,2007,Surface NS,-1,1,1,2.5,26.20,0.095
153,2007,Surface NS,-1,1,1,2.4,26.70,0.090
154,2007,Surface NS,-1,1,1,2.3,27.30,0.084
155,2007,Surface NS,-1,1,1,2.3,27.40,0.084
156,2007,Surface NS,-1,1,0,2.2,28.10,0.078
157,2007,Surface NS,-1,1,0,2.6,29.80,0.087
158,2007,Surface NS,-1,1,1,2.7,30.40,0.089
159,2007,Surface NS,-1,1,0,2.8,30.70,0.091
160,2007,Surface NS,-1,1,1,2.6,30.80,0.084
161,2007,Surface NS,-1,1,1,2.4,31.00,0.077
162,2007,Surface NS,-1,1,0,2.7,31.40,0.086
163,2007,Surface NS,-1,1,0,3.1,32.20,0.096
164,2007,Surface NS,-1,1,1,2.9,33.00,0.088
165,2007,Surface NS,-1,1,0,2.6,33.10,0.079
166,2007,Surface NS,-1,1,0,2.7,33.40,0.081
167,2007,Surface NS,-1,1,0,3,33.80,0.089
168,2007,Surface NS,-1,1,0,3.1,35.30,0.088
169,2007,Surface NS,-1,1,0,3.1,35.80,0.087
170,2007,Surface NS,-1,1,0,2.9,36.60,0.079
171,2007,Surface NS,-1,1,0,3,37.00,0.081
172,2007,Surface NS,-1,1,0,3,37.20,0.081
173,2007,Surface NS,-1,1,0,2.9,37.60,0.077
174,2007,Surface NS,-1,1,0,2.9,37.60,0.077
175,2007,Surface NS,-1,1,0,3.2,37.90,0.084
176,2007,Surface NS,-1,1,1,3.1,38.70,0.080
177,2007,Surface NS,-1,1,0,3.3,39.70,0.083
178,2007,Surface NS,-1,1,0,3.5,42.00,0.083
179,2007,Surface NS,-1,1,1,3.5,42.50,0.082
180,2007,Surface NS,-1,1,0,3.7,42.60,0.087
181,2007,Surface NS,-1,1,0,3.3,42.90,0.077
182,2007,Surface NS,-1,1,0,3.6,43.50,0.083
183,2007,Surface NS,-1,1,1,3.6,44.40,0.081
184,2007,Surface NS,-1,1,1,3.4,44.90,0.076
185,2007,Surface NS,-1,1,0,3.7,48.90,0.076
186,2007,Surface NS,-1,1,0,3.7,50.50,0.073
187,2007,Surface NS,-1,1,0,4.3,54.10,0.079
188,2007,Surface NS,-1,1,0,2.2,21.70,0.101
189,2007,Surface NS,-1,1,0,2.6,26.10,0.100
190,2007,Surface NS,-1,1,0,2.5,28.40,0.088
191,2007,Surface NS,-1,1,0,3,28.70,0.105
192,2007,Surface NS,-1,1,0,2.8,29.10,0.096
193,2007,Surface NS,-1,1,0,2.9,29.20,0.099
194,2007,Surface NS,-1,1,0,3.6,43.20,0.083
195,2007,Surface NS,-1,1,0,4.3,44.30,0.097
196,2007,Surface NS,-1,1,0,4.4,45.90,0.096
197,2007,Surface NS,-1,1,0,3.9,46.30,0.084
198,2007,Surface NS,-1,1,0,4,46.80,0.085
199,2007,Surface NS,-1,1,0,4.2,48.10,0.087
200,2007,Surface NS,-1,1,0,3.9,48.20,0.081
201,2007,Surface NS,-1,1,0,4.2,50.70,0.083
202,2007,Surface NS,-1,1,0,4.3,50.90,0.084
203,2007,Surface NS,-1,1,0,4.6,57.30,0.080
204,2007,Surface NS,-1,1,0,4.3,57.40,0.075
205,2007,Surface NS,-1,1,0,4.6,60.20,0.076
206,2007,Surface S,1,1,1,2.3,23.80,0.097
207,2007,Surface S,1,1,1,2.3,24.20,0.095
208,2007,Surface S,1,1,1,2.1,24.90,0.084
209,2007,Surface S,1,1,1,2.4,25.20,0.095
210,2007,Surface S,1,1,0,2.5,25.80,0.097
211,2007,Surface S,1,1,1,2.7,26.20,0.103
212,2007,Surface S,1,1,1,2.8,26.60,0.105
213,2007,Surface S,1,1,1,2.9,27.00,0.107
214,2007,Surface S,1,1,0,3,27.20,0.110
215,2007,Surface S,1,1,1,2.8,28.00,0.100
216,2007,Surface S,1,1,0,2.8,28.20,0.099
217,2007,Surface S,1,1,1,3,29.50,0.102
218,2007,Surface S,1,1,1,2.6,29.60,0.088
219,2007,Surface S,1,1,1,2.8,29.70,0.094
220,2007,Surface S,1,1,0,3.2,30.00,0.107
221,2007,Surface S,1,1,0,3.1,31.30,0.099
222,2007,Surface S,1,1,0,3,31.30,0.096
223,2007,Surface S,1,1,0,2.9,31.60,0.092
224,2007,Surface S,1,1,0,3,32.40,0.093
225,2007,Surface S,1,1,0,3.2,33.10,0.097
226,2007,Surface S,1,1,0,3.3,33.80,0.098
227,2007,Surface S,1,1,0,3.3,34.00,0.097
228,2007,Surface S,1,1,0,3.1,34.50,0.090
229,2007,Surface S,1,1,0,3.1,35.10,0.088
230,2007,Surface S,1,1,0,3.3,36.20,0.091
231,2007,Surface S,1,1,0,3.3,37.20,0.089
232,2007,Surface S,1,1,1,3.1,37.80,0.082
233,2007,Surface S,1,1,0,2.9,39.90,0.073
234,2007,Surface S,1,1,0,3.4,42.40,0.080
235,2007,Surface S,1,1,0,3.6,42.40,0.085
236,2006,Surface S,1,1,1,3.1,39.66,0.078
237,2006,Surface S,1,1,1,2.8,29.33,0.095
238,2006,Surface S,1,1,1,2.4,31.50,0.076
239,2006,Surface S,1,1,1,2.4,30.36,0.079
240,2006,Surface S,1,1,1,2.6,35.60,0.073
241,2006,Surface S,1,1,1,3.3,44.43,0.074
242,2006,Surface S,1,1,1,3.1,39.12,0.079
243,2006,Surface S,1,1,1,2.2,35.42,0.062
244,2006,Surface S,1,1,1,2.5,28.24,0.089
245,2006,Surface S,1,1,0,3,43.49,0.069
246,2006,Surface S,1,1,0,2.8,36.31,0.077
247,2006,Surface S,1,1,0,2.7,38.33,0.070
248,2006,Surface S,1,1,0,2.8,36.87,0.076
249,2006,Surface S,1,1,0,3,38.99,0.077
250,2006,Surface S,1,1,0,3.1,47.01,0.066
251,2006,Surface S,1,1,0,3.6,45.59,0.079
252,2006,Surface S,1,1,0,2.9,35.01,0.083
253,2006,Surface S,1,1,0,3.1,46.04,0.067
254,2006,Surface S,1,1,0,3.2,42.61,0.075
255,2007,Surface S,1,1,0,2.3,23.30,0.099
256,2007,Surface S,1,1,1,2.4,24.30,0.099
257,2007,Surface S,1,1,0,2.3,24.50,0.094
258,2007,Surface S,1,1,1,2.4,25.10,0.096
259,2007,Surface S,1,1,0,2.4,25.20,0.095
260,2007,Surface S,1,1,0,2.5,25.40,0.098
261,2007,Surface S,1,1,1,2.4,26.20,0.092
262,2007,Surface S,1,1,1,2.4,26.30,0.091
263,2007,Surface S,1,1,1,2.5,26.50,0.094
264,2007,Surface S,1,1,1,2.5,26.70,0.094
265,2007,Surface S,1,1,1,2.5,26.90,0.093
266,2007,Surface S,1,1,1,2.5,27.00,0.093
267,2007,Surface S,1,1,1,2.6,27.90,0.093
268,2007,Surface S,1,1,0,2.7,28.20,0.096
269,2007,Surface S,1,1,0,2.8,28.30,0.099
270,2007,Surface S,1,1,0,2.8,28.50,0.098
271,2007,Surface S,1,1,0,3,29.00,0.103
272,2007,Surface S,1,1,0,2.9,29.00,0.100
273,2007,Surface S,1,1,1,2.7,29.20,0.092
274,2007,Surface S,1,1,0,2.7,29.30,0.092
275,2007,Surface S,1,1,1,2.7,29.50,0.092
276,2007,Surface S,1,1,0,2.9,29.60,0.098
277,2007,Surface S,1,1,0,2.8,30.00,0.093
278,2007,Surface S,1,1,0,3,30.30,0.099
279,2007,Surface S,1,1,0,2.8,30.80,0.091
280,2007,Surface S,1,1,0,2.9,31.30,0.093
281,2007,Surface S,1,1,0,3.2,31.50,0.102
282,2007,Surface S,1,1,0,3,31.60,0.095
283,2007,Surface S,1,1,0,3,31.70,0.095
284,2007,Surface S,1,1,1,2.8,32.00,0.088
285,2007,Surface S,1,1,0,2.9,32.50,0.089
286,2007,Surface S,1,1,0,3.1,32.70,0.095
287,2007,Surface S,1,1,1,3,33.50,0.090
288,2007,Surface S,1,1,0,3,33.50,0.090
289,2007,Surface S,1,1,0,3.3,34.00,0.097
290,2007,Surface S,1,1,1,3,34.50,0.087
291,2007,Surface S,1,1,0,3.4,34.50,0.099
292,2007,Surface S,1,1,0,3.4,35.30,0.096
293,2007,Surface S,1,1,0,3.2,35.50,0.090
294,2007,Surface S,1,1,0,3.8,44.60,0.085
295,2006,Surface S,1,1,1,2.4,28.19,0.085
296,2006,Surface S,1,1,1,2.3,32.74,0.070
297,2006,Surface S,1,1,1,2.7,33.88,0.080
298,2006,Surface S,1,1,1,2.6,31.46,0.083
299,2006,Surface S,1,1,1,2.5,35.15,0.071
300,2006,Surface S,1,1,0,3,37.71,0.080
301,2006,Surface S,1,1,0,2.5,40.92,0.061
302,2006,Surface S,1,1,0,2.7,34.95,0.077
303,2006,Surface S,1,1,0,1.9,24.91,0.076
304,2006,Surface S,1,1,0,2.9,42.84,0.068
305,2006,Surface S,1,1,0,2.2,24.95,0.088
306,2006,Surface S,1,1,0,3.3,45.98,0.072
307,2006,Surface S,1,1,0,3.4,52.41,0.065
308,2007,Cave NS,-1,-1,1,1.3,18.40,0.071
309,2007,Cave NS,-1,-1,1,1.5,18.70,0.080
310,2007,Cave NS,-1,-1,1,1.4,18.80,0.074
311,2007,Cave NS,-1,-1,1,1.4,19.10,0.073
312,2007,Cave NS,-1,-1,1,1.4,19.30,0.073
313,2007,Cave NS,-1,-1,1,1.4,19.50,0.072
314,2007,Cave NS,-1,-1,1,1.4,19.50,0.072
315,2007,Cave NS,-1,-1,1,1.6,19.80,0.081
316,2007,Cave NS,-1,-1,1,1.7,19.90,0.085
317,2007,Cave NS,-1,-1,1,1.4,20.20,0.069
318,2007,Cave NS,-1,-1,1,1.5,20.40,0.074
319,2007,Cave NS,-1,-1,1,1.6,20.60,0.078
320,2007,Cave NS,-1,-1,1,1.2,21.00,0.057
321,2007,Cave NS,-1,-1,1,2,21.90,0.091
322,2007,Cave NS,-1,-1,1,1.6,22.20,0.072
323,2007,Cave NS,-1,-1,0,1.7,22.20,0.077
324,2007,Cave NS,-1,-1,0,1.5,22.40,0.067
325,2007,Cave NS,-1,-1,0,1.8,22.50,0.080
326,2007,Cave NS,-1,-1,0,1.3,24.50,0.053
327,2007,Cave NS,-1,-1,0,1.6,24.80,0.065
328,2007,Cave NS,-1,-1,1,1.9,24.90,0.076
329,2007,Cave NS,-1,-1,0,1.9,25.10,0.076
330,2007,Cave NS,-1,-1,0,1.7,25.40,0.067
331,2007,Cave NS,-1,-1,0,2.3,25.70,0.089
332,2007,Cave NS,-1,-1,0,2.2,26.50,0.083
333,2007,Cave NS,-1,-1,1,1.9,26.60,0.071
334,2007,Cave NS,-1,-1,0,2.1,27.50,0.076
335,2007,Cave NS,-1,-1,0,1.9,27.60,0.069
336,2007,Cave NS,-1,-1,1,2.3,28.60,0.080
337,2007,Cave NS,-1,-1,0,2.3,29.00,0.079
338,2007,Cave NS,-1,-1,0,2.5,31.10,0.080
339,2007,Cave NS,-1,-1,0,2.5,35.40,0.071
340,2007,Cave NS,-1,-1,0,2.5,37.60,0.066
341,2007,Cave NS,-1,-1,0,2.4,38.40,0.063
342,2007,Cave NS,-1,-1,0,3.1,48.60,0.064
343,2006,Cave NS,-1,-1,1,1.6,29.09,0.055
344,2006,Cave NS,-1,-1,1,1.5,25.30,0.059
345,2006,Cave NS,-1,-1,1,1.5,25.89,0.058
346,2006,Cave NS,-1,-1,1,1.3,24.70,0.053
347,2006,Cave NS,-1,-1,1,1.5,24.85,0.060
348,2006,Cave NS,-1,-1,0,2.6,47.78,0.054
349,2006,Cave NS,-1,-1,0,2.3,42.30,0.054
350,2006,Cave NS,-1,-1,0,2.2,41.70,0.053
351,2006,Cave NS,-1,-1,0,2.6,54.34,0.048
352,2006,Cave NS,-1,-1,0,2.5,46.94,0.053
353,2006,Cave NS,-1,-1,0,2.3,52.58,0.044
354,2006,Cave NS,-1,-1,0,2.3,54.61,0.042
355,2006,Cave NS,-1,-1,0,1.9,48.21,0.039
356,2006,Cave NS,-1,-1,0,2.2,44.07,0.050
357,2006,Cave NS,-1,-1,0,2.6,46.15,0.056
358,2006,Cave NS,-1,-1,0,2.4,51.13,0.047
359,2006,Cave NS,-1,-1,0,2.3,46.43,0.050
360,2006,Cave NS,-1,-1,0,1.8,35.68,0.050
361,2006,Cave NS,-1,-1,0,1.8,34.46,0.052
362,2006,Cave NS,-1,-1,0,2.6,54.10,0.048
363,2006,Cave NS,-1,-1,0,2.3,44.86,0.051
364,2006,Cave NS,-1,-1,0,1.8,40.64,0.044
365,2006,Cave NS,-1,-1,0,2.3,46.49,0.049
366,2006,Cave NS,-1,-1,0,2.5,40.31,0.062
367,2006,Cave NS,-1,-1,0,1.8,37.08,0.049
368,2006,Cave NS,-1,-1,0,1.8,36.13,0.050
369,2006,Cave NS,-1,-1,0,1.7,30.91,0.055
370,2006,Cave NS,-1,-1,0,2.1,39.55,0.053
371,2006,Cave NS,-1,-1,0,2.4,42.47,0.057
372,2006,Cave NS,-1,-1,0,2.1,39.73,0.053
373,2007,Cave S,1,-1,1,1.8,25.10,0.072
374,2007,Cave S,1,-1,1,1.7,25.20,0.067
375,2007,Cave S,1,-1,0,2,25.70,0.078
376,2007,Cave S,1,-1,1,2,27.30,0.073
377,2007,Cave S,1,-1,1,2.2,27.80,0.079
378,2007,Cave S,1,-1,1,1.9,28.10,0.068
379,2007,Cave S,1,-1,1,2.3,28.30,0.081
380,2007,Cave S,1,-1,1,2.4,29.00,0.083
381,2007,Cave S,1,-1,1,2,29.20,0.068
382,2007,Cave S,1,-1,1,2.2,29.30,0.075
383,2007,Cave S,1,-1,0,2.3,29.90,0.077
384,2007,Cave S,1,-1,0,2.1,30.30,0.069
385,2007,Cave S,1,-1,1,2.1,31.70,0.066
386,2007,Cave S,1,-1,0,2.4,31.70,0.076
387,2007,Cave S,1,-1,0,2.4,32.00,0.075
388,2007,Cave S,1,-1,0,2.5,32.50,0.077
389,2007,Cave S,1,-1,0,2.4,33.40,0.072
390,2007,Cave S,1,-1,0,2.4,35.50,0.068
391,2007,Cave S,1,-1,0,2.4,35.80,0.067
392,2007,Cave S,1,-1,0,2.5,37.90,0.066
393,2007,Cave S,1,-1,0,2.6,38.10,0.068
394,2007,Cave S,1,-1,0,2.3,38.40,0.060
395,2007,Cave S,1,-1,0,2.4,43.20,0.056
396,2007,Cave S,1,-1,0,2.8,44.70,0.063
397,2007,Cave S,1,-1,1,1.6,23.30,0.069
398,2007,Cave S,1,-1,1,2,24.10,0.083
399,2007,Cave S,1,-1,1,2.2,24.90,0.088
400,2007,Cave S,1,-1,1,1.9,25.10,0.076
401,2007,Cave S,1,-1,0,1.5,25.20,0.060
402,2007,Cave S,1,-1,1,2.4,25.70,0.093
403,2007,Cave S,1,-1,1,2.3,26.10,0.088
404,2007,Cave S,1,-1,1,2.5,26.90,0.093
405,2007,Cave S,1,-1,1,2,28.20,0.071
406,2007,Cave S,1,-1,1,1.6,28.80,0.056
407,2007,Cave S,1,-1,1,2.1,29.00,0.072
408,2007,Cave S,1,-1,0,2.3,29.00,0.079
409,2007,Cave S,1,-1,0,2.2,29.10,0.076
410,2007,Cave S,1,-1,1,2.1,29.20,0.072
411,2007,Cave S,1,-1,1,1.8,29.30,0.061
412,2007,Cave S,1,-1,1,2,30.00,0.067
413,2007,Cave S,1,-1,0,2.2,30.20,0.073
414,2007,Cave S,1,-1,0,2.6,31.10,0.084
415,2007,Cave S,1,-1,1,2.1,31.80,0.066
416,2007,Cave S,1,-1,0,2.1,32.10,0.065
417,2007,Cave S,1,-1,0,1.8,32.50,0.055
418,2007,Cave S,1,-1,0,2.1,32.80,0.064
419,2007,Cave S,1,-1,1,2.5,34.60,0.072
420,2007,Cave S,1,-1,1,2.4,34.90,0.069
421,2007,Cave S,1,-1,0,2.7,35.20,0.077
422,2007,Cave S,1,-1,0,2.7,35.30,0.076
423,2007,Cave S,1,-1,0,2.8,36.10,0.078
424,2007,Cave S,1,-1,0,2.2,36.60,0.060
425,2007,Cave S,1,-1,0,2.4,36.60,0.066
426,2007,Cave S,1,-1,0,2.5,37.00,0.068
427,2007,Cave S,1,-1,0,2.5,38.20,0.065
428,2007,Cave S,1,-1,0,2.9,38.50,0.075
429,2007,Cave S,1,-1,0,2.1,38.50,0.055
430,2007,Cave S,1,-1,0,2.5,40.00,0.063
431,2007,Cave S,1,-1,1,1.7,41.60,0.041
432,2007,Cave S,1,-1,0,2.5,43.10,0.058
433,2007,Cave S,1,-1,0,2.2,43.40,0.051
434,2007,Cave S,1,-1,0,2.5,46.80,0.053
435,2006,Cave S,1,-1,1,1.8,31.50,0.057
436,2006,Cave S,1,-1,1,1.6,30.88,0.052
437,2006,Cave S,1,-1,1,2,30.50,0.066
438,2006,Cave S,1,-1,1,1.9,30.07,0.063
439,2006,Cave S,1,-1,1,2.3,33.47,0.069
440,2006,Cave S,1,-1,1,1.8,29.74,0.061
441,2006,Cave S,1,-1,1,2.1,31.29,0.067
442,2006,Cave S,1,-1,1,2.6,33.81,0.077
443,2006,Cave S,1,-1,1,1.7,27.68,0.061
444,2006,Cave S,1,-1,0,2.8,37.35,0.075
445,2006,Cave S,1,-1,0,2.8,54.08,0.052
446,2006,Cave S,1,-1,0,2.4,41.77,0.057
447,2006,Cave S,1,-1,0,2.5,38.61,0.065
448,2006,Cave S,1,-1,0,3.1,55.10,0.056
449,2006,Cave S,1,-1,0,2.8,43.76,0.064
450,2007,Cave S,1,-1,0,1.3,23.10,0.056
451,2007,Cave S,1,-1,0,1.4,25.00,0.056
452,2007,Cave S,1,-1,0,1.8,25.70,0.070
453,2007,Cave S,1,-1,1,2.1,26.90,0.078
454,2007,Cave S,1,-1,1,1.4,27.10,0.052
455,2007,Cave S,1,-1,1,1.5,27.40,0.055
456,2007,Cave S,1,-1,1,1.8,27.80,0.065
457,2007,Cave S,1,-1,1,2,28.40,0.070
458,2007,Cave S,1,-1,1,1.6,28.50,0.056
459,2007,Cave S,1,-1,1,1.8,28.70,0.063
460,2007,Cave S,1,-1,1,1.6,28.70,0.056
461,2007,Cave S,1,-1,0,1.7,29.20,0.058
462,2007,Cave S,1,-1,0,1.9,29.30,0.065
463,2007,Cave S,1,-1,1,1.7,29.40,0.058
464,2007,Cave S,1,-1,1,1.4,30.80,0.045
465,2007,Cave S,1,-1,1,1.7,31.40,0.054
466,2007,Cave S,1,-1,1,1.9,31.90,0.060
467,2007,Cave S,1,-1,0,2.5,33.00,0.076
468,2007,Cave S,1,-1,0,1.8,34.20,0.053
469,2007,Cave S,1,-1,1,1.5,34.40,0.044
470,2007,Cave S,1,-1,0,1.8,35.50,0.051
471,2007,Cave S,1,-1,0,2.4,35.80,0.067
472,2007,Cave S,1,-1,1,2.1,36.20,0.058
473,2007,Cave S,1,-1,0,2.3,36.20,0.064
474,2007,Cave S,1,-1,1,1.7,38.00,0.045
475,2007,Cave S,1,-1,0,2.4,38.50,0.062
476,2007,Cave S,1,-1,0,2.1,39.90,0.053
477,2007,Cave S,1,-1,0,2.1,40.60,0.052
478,2007,Cave S,1,-1,0,2.4,40.70,0.059
479,2007,Cave S,1,-1,0,1.7,41.30,0.041
480,2007,Cave S,1,-1,0,2.6,41.60,0.063
481,2007,Cave S,1,-1,0,2.3,41.60,0.055
482,2007,Cave S,1,-1,0,2.2,41.70,0.053
483,2007,Cave S,1,-1,0,2.3,45.70,0.050
484,2007,Cave S,1,-1,0,2.7,46.50,0.058
485,2006,Cave S,1,-1,1,1.4,35.49,0.039
486,2006,Cave S,1,-1,1,1.5,29.35,0.051
487,2006,Cave S,1,-1,1,2.3,49.50,0.046
488,2006,Cave S,1,-1,1,1.6,35.29,0.045
489,2006,Cave S,1,-1,1,1.5,32.29,0.046
490,2006,Cave S,1,-1,1,1.9,39.00,0.049
491,2006,Cave S,1,-1,0,1.2,33.16,0.036
492,2006,Cave S,1,-1,0,2.8,51.73,0.054
493,2006,Cave S,1,-1,0,2.2,36.12,0.061
494,2006,Cave S,1,-1,0,2.5,42.91,0.058
495,2006,Cave S,1,-1,0,2.9,65.37,0.044
496,2006,Cave S,1,-1,0,2.8,43.24,0.065
497,2006,Cave S,1,-1,0,2.1,42.09,0.050
